tahun,provinsi,luas_panen_ha,produksi_ton,produktivitas_ton_per_ha,suhu_rata_c,curah_hujan_mm,kelembaban_persen,hari_hujan,suhu_kategori,hujan_kategori,drought_index,curah_hujan_x_suhu,luas_x_kelembaban,suhu_rata_c_norm,curah_hujan_mm_norm,kelembaban_persen_norm
2024,ACEH,301196.35,1659966.28,5.511,28.50630136986301,1246.7164383561646,76.54520547945205,125,panas,rendah,0.43734766646163326,35539.27451454307,23055136.500410955,0.7827764342932388,0.48998890694456515,0.13099219620958813
2024,SUMATERA UTARA,419463.48,2204875.51,5.256,28.95659340659341,1185.5717770034844,80.12912087912088,119,panas,rendah,0.4094306814190132,34330.11990102233,33611239.8932967,0.8960474502942368,0.46037276047224224,0.3740485174431667
2024,SUMATERA BARAT,295278.98,1356467.93,4.593999999999999,26.95911602209945,681.7631736526946,84.66850828729282,68,optimal,rendah,0.25288780726112325,18379.73249809773,25000830.76519337,0.39358177396669447,0.21634705061033965,0.6819036649687629
2024,RIAU,56421.96,222055.71,3.936,28.16566757493188,235.0991501416431,81.32970027247957,50,panas,rendah,0.08347011464087824,6621.724510038519,4588781.095585831,0.6970899622066238,0.0,0.4554701968515502
2024,JAMBI,61625.68,281022.05,4.5600000000000005,27.810136986301373,1457.282175226586,86.02739726027397,146,optimal,rendah,0.5240111459876697,40527.2169207466,5301496.854794521,0.6076561998731318,0.5919789346468552,0.7740616871051653
2024,SUMATERA SELATAN,521092.21,2909411.67,5.583,29.27692307692308,1023.6843843843844,79.08767123287672,102,panas,rendah,0.3496557277193115,29970.32897666898,41211969.386493154,0.9766264173951598,0.38196066977187315,0.3034188034188041
2024,BENGKULU,55775.09,272848.55,4.892,28.595890410958905,889.8201201201202,82.42739726027398,89,panas,rendah,0.3111706288324253,25445.198640421248,4597395.500657534,0.805312568356749,0.31712191573915643,0.5299145299145307
2024,LAMPUNG,531715.12,2791347.53,5.25,28.346575342465755,899.3022988505747,79.16712328767123,90,panas,rendah,0.31725253861736796,25492.140370020472,42094356.4589589,0.7425973328894919,0.32171472217467,0.3088071348940913
2024,KEP. BANGKA BELITUNG,18202.56,77489.79,4.257,28.25452054794521,624.1665615141956,85.18630136986302,62,panas,rendah,0.2209085659248915,17635.526937643146,1550608.761863014,0.7194409382554285,0.18844944411998027,0.7170196952805652
2024,KEP. RIAU,113.33,305.09,2.692,28.40192307692308,1486.4888252148996,83.18630136986302,149,panas,rendah,0.5233761182962609,42219.14126845934,9427.503534246576,0.7565200621494999,0.6061255241427156,0.5813823857302118
2024,DKI JAKARTA,498.31,2306.54,4.629,29.34751381215469,673.8349710982659,78.61917808219178,67,panas,rendah,0.22960547030024311,19775.381121419217,39176.72263013699,0.9943835253333786,0.21250693108199897,0.2716462281679677
2024,JAWA BARAT,1475362.09,8626879.91,5.847,26.76219178082192,362.51927710843376,82.6082191780822,50,optimal,rendah,0.13545948705450167,9701.81041822083,121877034.89775343,0.34404545738713566,0.06171745922352777,0.5421776291341516
2024,JAWA TENGAH,1554777.14,8891297.05,5.718999999999999,29.242465753424657,474.6546703296703,74.61369863013698,50,panas,rendah,0.16231691073249604,13880.072941818455,116007672.96098629,0.9679586735245786,0.11603157523794401,0.0
2024,DI YOGYAKARTA,96976.13,452831.77,4.67,27.41830601092896,330.5987878787879,78.44262295081967,50,optimal,rendah,0.12057593483237475,9064.458732902798,7607062.000819672,0.5090910708884753,0.04625638930213945,0.2596724966646562
2024,JAWA TIMUR,1616985.05,9270435.29,5.733,25.394490358126724,444.2884057971015,77.79889807162535,50,optimal,rendah,0.17495464548865056,11282.477637241987,125799655.08829202,0.0,0.1013233125978658,0.2160159413123841
2024,BANTEN,299090.79,1550623.46,5.184,29.17835616438356,781.9337792642141,78.00821917808219,78,panas,rendah,0.2679841780184582,22815.542308333712,23331539.90046575,0.9518318986901404,0.2648658789492591,0.23021181716833894
2024,BALI,103803.93,635473.35,6.122,28.85925925925926,713.6406593406593,79.98941798941799,71,panas,rendah,0.2472830826770765,20595.140805860807,8303215.945714285,0.8715630338249074,0.2317872912530783,0.3645740553953116
2024,NUSA TENGGARA BARAT,281717.84,1453408.37,5.159000000000001,29.369841269841267,591.5989010989011,76.74603174603175,59,panas,rendah,0.2014307451182553,17375.16582068725,21620726.292063493,1.0,0.1726749091109978,0.1446119634525438
2024,NUSA TENGGARA TIMUR,168727.24,707792.54,4.195,29.15561643835616,526.2125401929261,74.93698630136986,53,panas,rendah,0.1804841071721119,15342.050986918028,12643910.872547943,0.9461117178727969,0.14100424483641938,0.02192493496841319
2024,KALIMANTAN BARAT,247207.72,764784.15,3.0940000000000003,28.48,655.2325581395348,83.12602739726027,66,panas,rendah,0.23006761170629733,18661.02325581395,20549395.705534246,0.7761603215406501,0.2034966303503184,0.5772946859903385
2024,KALIMANTAN TENGAH,111016.13,366146.82,3.298,27.252472527472527,549.8941666666667,85.37808219178082,55,optimal,rendah,0.20177771617321413,14985.975670100734,9478344.271753425,0.4673756381784342,0.15247472325323047,0.730026012634708
2024,KALIMANTAN SELATAN,246112.42,1029567.93,4.183,29.116931216931217,1051.175366568915,78.91534391534391,105,panas,rendah,0.3610185973024749,30607.00084531956,19422046.266137566,0.9363804457702649,0.3952762550909075,0.29173179656271486
2024,KALIMANTAN TIMUR,63041.65,249642.9,3.96,27.38520547945205,1637.8194842406876,86.6109589041096,164,optimal,normal,0.5980672613428419,44852.02311418141,5460097.7573972605,0.5007646282141023,0.679424334935204,0.8136380527684874
2024,SULAWESI UTARA,59121.96,273134.94,4.62,27.84575342465753,1019.965671641791,80.33150684931506,102,optimal,rendah,0.3662912818651217,28401.71259415252,4749356.1346849315,0.6166155192255953,0.3801594668730969,0.3877740616871046
2024,SULAWESI TENGAH,172606.22,761936.39,4.414,27.80322580645161,2299.670967741936,83.19354838709677,200,optimal,normal,0.827123796264068,63938.27119667014,14359723.91548387,0.6059176917506424,0.9999999999999998,0.5818738686901375
2024,SULAWESI SELATAN,951308.6,4818429.39,5.065,28.40904109589041,861.7591780821919,81.59726027397261,86,panas,rendah,0.3033397625683509,24481.75190489773,77624175.4350685,0.758310600676892,0.3035302635628014,0.4736157562244525
2024,SULAWESI TENGGARA,129999.61,555836.08,4.276,28.05315068493151,1077.3624657534249,82.17808219178082,108,panas,rendah,0.38404330331855385,30223.411594070192,10683118.635479452,0.6687863249934134,0.4079602891173662,0.5130063173541437
2024,GORONTALO,46952.15,234862.88,5.002000000000001,29.35396825396825,1160.407492795389,75.5026455026455,116,panas,rendah,0.3953153736338589,34062.56470518274,3545011.5370370373,0.996007140947925,0.4481841390866493,0.060287181060128425
2024,SULAWESI BARAT,63181.59,318876.59,5.047,28.40438356164384,1112.2510989010989,79.59726027397261,111,panas,rendah,0.391577270630523,31592.80683004667,5029081.463753425,0.7571389973769556,0.42485901496950246,0.33797844667409915
2024,MALUKU,23947.35,91125.35,3.805,28.139178082191783,661.4486803519062,84.61369863013698,66,panas,rendah,0.23506325537294634,18612.62220865304,2026273.8558904107,0.6904265271216756,0.2065074833317354,0.678186547751765
2024,MALUKU UTARA,9366.71,31232.95,3.3340000000000005,27.554794520547944,1151.1994520547944,89.35890410958905,115,optimal,rendah,0.41778553318419087,31721.064353537244,836998.9407123288,0.5434247719000727,0.44372411465829237,1.0
2024,PAPUA BARAT,5121.13,20729.15,4.048,27.716986301369865,453.8628762541806,84.47671232876712,50,optimal,rendah,0.16374899901427925,12579.71112383745,432616.22580821917,0.5842241338743763,0.10596082163264849,0.6688963210702337
2024,PAPUA,1068.57,4609.95,4.314,27.75564738292011,823.63417721519,85.51790633608816,82,optimal,rendah,0.2967447185980705,22860.499795306347,91381.86917355371,0.5939493335885242,0.2850639643805741,0.7395086980067225
